feature_set,model,n_train,train_seconds,inference_seconds,best_params,cv_best_roc_auc,accuracy,f1,roc_auc,pr_auc
pca,linear_svm,160000,0.34195450000697747,0.0007712910010013729,{'C': 1.0},0.5608937762964946,0.555075,0.6426520490733489,0.5645847404431434,0.5792290812543717
pca,rbf_svm,20000,361.5281914579973,31.83570174999477,"{'C': 1.0, 'gamma': 'scale'}",0.650007423478926,0.6157,0.6793759385950275,0.6573896293882968,0.6617468172453946
pca,knn,160000,12.582433957999456,3.4596159590000752,{'n_neighbors': 31},0.6573185692266311,0.6183,0.6658934745503086,0.6594653619146312,0.65608408171484
pca,decision_tree,160000,22.692742583007202,0.004214041997329332,"{'max_depth': 12, 'min_samples_leaf': 50}",0.6373294640467028,0.6032,0.6563311969513251,0.6400344685079843,0.6442264811954757
pca,random_forest,160000,171.91766120800457,0.3727010830043582,"{'max_depth': None, 'min_samples_leaf': 5}",0.6844370702609472,0.637625,0.6778817307051268,0.6872763313799799,0.693285413944708
pca,gradient_boosting,160000,1263.7459522919962,0.15718824999930803,"{'learning_rate': 0.1, 'max_depth': 5, 'n_estimators': 200}",0.6732773664553839,0.628925,0.6780190459662899,0.6756123969501528,0.6810366623634733
